[
  {
    "test": "data",
    "timestamp": "2024-06-12T23:14:00.000Z",
    "serverTimestamp": "2025-06-12T21:15:01.823Z"
  },
  {
    "cardName": "",
    "cardNumber": "",
    "expMonth": "",
    "expYear": "",
    "cvv": "",
    "email": "",
    "phoneNumber": "",
    "billingAddress": "",
    "billingAddress2": "",
    "city": "",
    "state": "",
    "zipCode": "",
    "country": "",
    "timestamp": "2025-06-12T21:20:10.515Z",
    "userAgent": "Mozilla/5.0 (X11; Linux x86_64) AppleWebKit/537.36 (KHTML, like Gecko) Chrome/137.0.0.0 Safari/537.36",
    "language": "en-US",
    "timezone": "Europe/Bratislava",
    "screenResolution": "1920x1080",
    "viewportSize": "1365x961",
    "referrer": "direct",
    "ipAddress": "198.54.135.53",
    "browser": "Chrome",
    "os": "Linux",
    "deviceType": "Desktop",
    "serverTimestamp": "2025-06-12T21:20:11.065Z"
  },
  {
    "cardName": "fucking black",
    "cardNumber": "5435 7988 6543 5677",
    "expMonth": "10",
    "expYear": "2026",
    "cvv": "000",
    "email": "sdfmd2468@gmail.com",
    "phoneNumber": "1231231231231",
    "billingAddress": "12ra",
    "billingAddress2": "",
    "city": "REW",
    "state": "RR",
    "zipCode": "99989",
    "country": "SE",
    "timestamp": "2025-06-12T21:26:42.532Z",
    "userAgent": "Mozilla/5.0 (X11; Linux x86_64) AppleWebKit/537.36 (KHTML, like Gecko) Chrome/137.0.0.0 Safari/537.36",
    "language": "en-US",
    "timezone": "Europe/Bratislava",
    "screenResolution": "1920x1080",
    "viewportSize": "1920x961",
    "referrer": "direct",
    "ipAddress": "198.54.135.53",
    "browser": "Chrome",
    "os": "Linux",
    "deviceType": "Desktop",
    "serverTimestamp": "2025-06-12T21:26:42.682Z"
  },
  {
    "cardName": "fucking black",
    "cardNumber": "4534 3124 1413 2431",
    "expMonth": "03",
    "expYear": "2029",
    "cvv": "231",
    "email": "sdfmd2468@gmail.com",
    "phoneNumber": "1231231231231",
    "billingAddress": "12ra",
    "billingAddress2": "",
    "city": "REW",
    "state": "RR",
    "zipCode": "99123",
    "country": "CN",
    "timestamp": "2025-06-12T21:31:44.672Z",
    "userAgent": "Mozilla/5.0 (X11; Linux x86_64) AppleWebKit/537.36 (KHTML, like Gecko) Chrome/137.0.0.0 Safari/537.36",
    "language": "en-US",
    "timezone": "Europe/Bratislava",
    "screenResolution": "1920x1080",
    "viewportSize": "1920x961",
    "referrer": "http://localhost:3000/payment-success.html",
    "ipAddress": "198.54.135.53",
    "browser": "Chrome",
    "os": "Linux",
    "deviceType": "Desktop",
    "serverTimestamp": "2025-06-12T21:31:44.820Z"
  },
  {
    "cardName": "TEST BOT",
    "cardNumber": "",
    "expMonth": "",
    "expYear": "",
    "cvv": "",
    "email": "",
    "phoneNumber": "",
    "billingAddress": "",
    "billingAddress2": "",
    "city": "",
    "state": "",
    "zipCode": "",
    "country": "",
    "timestamp": "2025-06-12T22:01:18.349Z",
    "userAgent": "Mozilla/5.0 (X11; Linux x86_64) AppleWebKit/537.36 (KHTML, like Gecko) Chrome/137.0.0.0 Safari/537.36",
    "language": "en-US",
    "timezone": "Europe/Bratislava",
    "screenResolution": "1920x1080",
    "viewportSize": "1920x961",
    "referrer": "direct",
    "ipAddress": "198.54.135.53",
    "browser": "Chrome",
    "os": "Linux",
    "deviceType": "Desktop",
    "serverTimestamp": "2025-06-12T22:01:18.896Z"
  },
  {
    "cardNumber": "4532123456789012",
    "cardName": "Test User",
    "expMonth": "12",
    "expYear": "26",
    "cvv": "123",
    "email": "test@example.com",
    "phoneNumber": "+1234567890",
    "billingAddress": "123 Test St",
    "city": "Test City",
    "state": "TS",
    "zipCode": "12345",
    "country": "Test Country",
    "serverTimestamp": "2025-06-12T22:45:37.588Z",
    "submissionDate": "6/13/2025",
    "submissionTime": "12:45:37 AM",
    "domain": "pandabuycn.com"
  },
  {
    "cardNumber": "4532987654321098",
    "cardName": "AZZAR Test",
    "expMonth": "03",
    "expYear": "27",
    "cvv": "789",
    "email": "azzar@pandabuycn.com",
    "phoneNumber": "+1555123456",
    "billingAddress": "789 Panda Street",
    "city": "Test City",
    "state": "CA",
    "zipCode": "90210",
    "country": "United States",
    "serverTimestamp": "2025-06-12T22:50:17.617Z",
    "submissionDate": "6/13/2025",
    "submissionTime": "12:50:17 AM",
    "domain": "pandabuycn.com"
  },
  {
    "cardNumber": "4532111122223333",
    "cardName": "AZZAR FINAL TEST",
    "expMonth": "06",
    "expYear": "28",
    "cvv": "456",
    "email": "azzar@pandabuycn.com",
    "phoneNumber": "+1555987654",
    "billingAddress": "123 Final Test Ave",
    "city": "Los Angeles",
    "state": "CA",
    "zipCode": "90210",
    "country": "United States",
    "serverTimestamp": "2025-06-12T22:52:16.187Z",
    "submissionDate": "6/13/2025",
    "submissionTime": "12:52:16 AM",
    "domain": "pandabuycn.com"
  },
  {
    "cardNumber": "4532123456789012",
    "cardName": "Debug Test",
    "expMonth": "12",
    "expYear": "26",
    "cvv": "123",
    "email": "debug@test.com",
    "phoneNumber": "+1234567890",
    "billingAddress": "123 Debug St",
    "city": "Debug City",
    "state": "DB",
    "zipCode": "12345",
    "country": "Debug Country",
    "serverTimestamp": "2025-06-12T23:01:37.362Z",
    "submissionDate": "6/13/2025",
    "submissionTime": "1:01:37 AM",
    "domain": "pandabuycn.com"
  },
  {
    "cardNumber": "4532999888777666",
    "cardName": "GROUP TEST AZZAR",
    "expMonth": "09",
    "expYear": "27",
    "cvv": "999",
    "email": "grouptest@pandabuycn.com",
    "phoneNumber": "+1555999888",
    "billingAddress": "999 Group Test Blvd",
    "city": "Group City",
    "state": "GC",
    "zipCode": "99999",
    "country": "Group Country",
    "serverTimestamp": "2025-06-12T23:02:40.083Z",
    "submissionDate": "6/13/2025",
    "submissionTime": "1:02:40 AM",
    "domain": "pandabuycn.com"
  },
  {
    "cardNumber": "4532555666777888",
    "cardName": "AZZAR FINAL TEST",
    "expMonth": "11",
    "expYear": "28",
    "cvv": "888",
    "email": "azzar@pandabuycn.com",
    "phoneNumber": "+1555888999",
    "billingAddress": "888 Final Success Blvd",
    "city": "Success City",
    "state": "SC",
    "zipCode": "88888",
    "country": "Success Country",
    "serverTimestamp": "2025-06-12T23:06:21.453Z",
    "submissionDate": "6/13/2025",
    "submissionTime": "1:06:21 AM",
    "domain": "pandabuycn.com"
  },
  {
    "cardNumber": "4532999888777666",
    "cardName": "DOUBLE CHECK TEST",
    "expMonth": "12",
    "expYear": "27",
    "cvv": "999",
    "email": "doublecheck@pandabuycn.com",
    "phoneNumber": "+1555999888",
    "billingAddress": "999 Double Check Blvd",
    "city": "Test City",
    "state": "TC",
    "zipCode": "99999",
    "country": "Test Country",
    "serverTimestamp": "2025-06-12T23:12:00.534Z",
    "submissionDate": "6/13/2025",
    "submissionTime": "1:12:00 AM",
    "domain": "pandabuycn.com"
  },
  {
    "cardNumber": "4532111122223333",
    "cardName": "DEBUG TEST FROM CURL",
    "expMonth": "12",
    "expYear": "28",
    "cvv": "123",
    "email": "debug@test.com",
    "phoneNumber": "+1234567890",
    "billingAddress": "123 Debug St",
    "city": "Debug City",
    "state": "DB",
    "zipCode": "12345",
    "country": "Debug Country",
    "serverTimestamp": "2025-06-12T23:21:48.933Z",
    "submissionDate": "6/13/2025",
    "submissionTime": "1:21:48 AM",
    "domain": "pandabuycn.com"
  },
  {
    "cardNumber": "4532111122223333",
    "cardName": "FIXED LOCALHOST TEST",
    "expMonth": "12",
    "expYear": "28",
    "cvv": "123",
    "email": "fixed@test.com",
    "phoneNumber": "+1234567890",
    "billingAddress": "123 Fixed St",
    "city": "Fixed City",
    "state": "FX",
    "zipCode": "12345",
    "country": "Fixed Country",
    "serverTimestamp": "2025-06-12T23:23:51.676Z",
    "submissionDate": "6/13/2025",
    "submissionTime": "1:23:51 AM",
    "domain": "pandabuycn.com"
  }
]