[
  {
    "timestamp": "2025-06-12T21:47:15.599Z",
    "ip": "::1",
    "userAgent": "curl/8.11.1",
    "browser": "Unknown",
    "os": "Unknown",
    "deviceType": "Desktop",
    "page": "/",
    "referrer": null,
    "language": null,
    "country": "United Kingdom",
    "city": "Paris",
    "timezone": "Europe/Bratislava",
    "screenResolution": "Unknown"
  },
  {
    "timestamp": "2025-06-12T21:47:15.644Z",
    "ip": "::1",
    "userAgent": "curl/8.11.1",
    "browser": "Unknown",
    "os": "Unknown",
    "deviceType": "Desktop",
    "page": "/ship-out.html",
    "referrer": null,
    "language": null,
    "country": "Brazil",
    "city": "New York",
    "timezone": "Europe/Bratislava",
    "screenResolution": "Unknown"
  },
  {
    "timestamp": "2025-06-12T21:47:59.786Z",
    "ip": "::1",
    "userAgent": "Mozilla/5.0 (Windows NT 10.0; Win64; x64) AppleWebKit/537.36 (KHTML, like Gecko) Chrome/91.0.4472.124 Safari/537.36",
    "browser": "Chrome",
    "os": "Windows",
    "deviceType": "Desktop",
    "page": "/",
    "referrer": null,
    "language": null,
    "country": "France",
    "city": "Paris",
    "timezone": "Europe/Bratislava",
    "screenResolution": "Unknown"
  },
  {
    "timestamp": "2025-06-12T21:48:05.386Z",
    "ip": "::1",
    "userAgent": "Mozilla/5.0 (Macintosh; Intel Mac OS X 10_15_7) AppleWebKit/605.1.15 (KHTML, like Gecko) Version/14.1.1 Safari/605.1.15",
    "browser": "Safari",
    "os": "macOS",
    "deviceType": "Desktop",
    "page": "/ship-out.html",
    "referrer": null,
    "language": null,
    "country": "Australia",
    "city": "Mumbai",
    "timezone": "Europe/Bratislava",
    "screenResolution": "Unknown"
  },
  {
    "timestamp": "2025-06-12T21:58:55.697Z",
    "ip": "::1",
    "userAgent": "Mozilla/5.0 (X11; Linux x86_64) AppleWebKit/537.36 (KHTML, like Gecko) Chrome/137.0.0.0 Safari/537.36",
    "browser": "Chrome",
    "os": "Linux",
    "deviceType": "Desktop",
    "page": "/",
    "referrer": null,
    "language": "en-US",
    "country": "France",
    "city": "Toronto",
    "timezone": "Europe/Bratislava",
    "screenResolution": "Unknown"
  },
  {
    "timestamp": "2025-06-12T21:58:55.712Z",
    "ip": "::1",
    "userAgent": "Mozilla/5.0 (X11; Linux x86_64) AppleWebKit/537.36 (KHTML, like Gecko) Chrome/137.0.0.0 Safari/537.36",
    "browser": "Chrome",
    "os": "Linux",
    "deviceType": "Desktop",
    "page": "/styles.css",
    "referrer": "http://localhost:3000/",
    "language": "en-US",
    "country": "United States",
    "city": "Beijing",
    "timezone": "Europe/Bratislava",
    "screenResolution": "Unknown"
  },
  {
    "timestamp": "2025-06-12T21:58:55.718Z",
    "ip": "::1",
    "userAgent": "Mozilla/5.0 (X11; Linux x86_64) AppleWebKit/537.36 (KHTML, like Gecko) Chrome/137.0.0.0 Safari/537.36",
    "browser": "Chrome",
    "os": "Linux",
    "deviceType": "Desktop",
    "page": "/cloaking.js",
    "referrer": "http://localhost:3000/",
    "language": "en-US",
    "country": "Canada",
    "city": "London",
    "timezone": "Europe/Bratislava",
    "screenResolution": "Unknown"
  },
  {
    "timestamp": "2025-06-12T21:58:55.720Z",
    "ip": "::1",
    "userAgent": "Mozilla/5.0 (X11; Linux x86_64) AppleWebKit/537.36 (KHTML, like Gecko) Chrome/137.0.0.0 Safari/537.36",
    "browser": "Chrome",
    "os": "Linux",
    "deviceType": "Desktop",
    "page": "/images/logo.png",
    "referrer": "http://localhost:3000/",
    "language": "en-US",
    "country": "Canada",
    "city": "Berlin",
    "timezone": "Europe/Bratislava",
    "screenResolution": "Unknown"
  },
  {
    "timestamp": "2025-06-12T21:58:55.731Z",
    "ip": "::1",
    "userAgent": "Mozilla/5.0 (X11; Linux x86_64) AppleWebKit/537.36 (KHTML, like Gecko) Chrome/137.0.0.0 Safari/537.36",
    "browser": "Chrome",
    "os": "Linux",
    "deviceType": "Desktop",
    "page": "/script.js",
    "referrer": "http://localhost:3000/",
    "language": "en-US",
    "country": "Germany",
    "city": "Sydney",
    "timezone": "Europe/Bratislava",
    "screenResolution": "Unknown"
  },
  {
    "timestamp": "2025-06-12T22:00:06.215Z",
    "ip": "::ffff:127.0.0.1",
    "userAgent": "Mozilla/5.0 (X11; Linux x86_64; rv:139.0) Gecko/20100101 Firefox/139.0",
    "browser": "Firefox",
    "os": "Linux",
    "deviceType": "Desktop",
    "page": "/favicon.ico",
    "referrer": "http://localhost:3000/api/visits",
    "language": "en-US",
    "country": "Australia",
    "city": "Berlin",
    "timezone": "Europe/Bratislava",
    "screenResolution": "Unknown"
  },
  {
    "timestamp": "2025-06-12T22:00:43.726Z",
    "ip": "::ffff:127.0.0.1",
    "userAgent": "Mozilla/5.0 (X11; Linux x86_64; rv:139.0) Gecko/20100101 Firefox/139.0",
    "browser": "Firefox",
    "os": "Linux",
    "deviceType": "Desktop",
    "page": "/favicon.ico",
    "referrer": "http://localhost:3000/api/cards",
    "language": "en-US",
    "country": "China",
    "city": "Toronto",
    "timezone": "Europe/Bratislava",
    "screenResolution": "Unknown"
  },
  {
    "timestamp": "2025-06-12T22:00:54.392Z",
    "ip": "::ffff:127.0.0.1",
    "userAgent": "Mozilla/5.0 (X11; Linux x86_64; rv:139.0) Gecko/20100101 Firefox/139.0",
    "browser": "Firefox",
    "os": "Linux",
    "deviceType": "Desktop",
    "page": "/payment-success.html",
    "referrer": null,
    "language": "en-US",
    "country": "United Kingdom",
    "city": "Toronto",
    "timezone": "Europe/Bratislava",
    "screenResolution": "Unknown"
  },
  {
    "timestamp": "2025-06-12T22:01:21.905Z",
    "ip": "::1",
    "userAgent": "Mozilla/5.0 (X11; Linux x86_64) AppleWebKit/537.36 (KHTML, like Gecko) Chrome/137.0.0.0 Safari/537.36",
    "browser": "Chrome",
    "os": "Linux",
    "deviceType": "Desktop",
    "page": "/ship-out.html",
    "referrer": "http://localhost:3000/",
    "language": "en-US",
    "country": "United States",
    "city": "Sydney",
    "timezone": "Europe/Bratislava",
    "screenResolution": "Unknown"
  },
  {
    "timestamp": "2025-06-12T22:01:21.925Z",
    "ip": "::1",
    "userAgent": "Mozilla/5.0 (X11; Linux x86_64) AppleWebKit/537.36 (KHTML, like Gecko) Chrome/137.0.0.0 Safari/537.36",
    "browser": "Chrome",
    "os": "Linux",
    "deviceType": "Desktop",
    "page": "/images/logo.png",
    "referrer": "http://localhost:3000/ship-out.html",
    "language": "en-US",
    "country": "France",
    "city": "Sydney",
    "timezone": "Europe/Bratislava",
    "screenResolution": "Unknown"
  },
  {
    "timestamp": "2025-06-12T22:01:21.927Z",
    "ip": "::1",
    "userAgent": "Mozilla/5.0 (X11; Linux x86_64) AppleWebKit/537.36 (KHTML, like Gecko) Chrome/137.0.0.0 Safari/537.36",
    "browser": "Chrome",
    "os": "Linux",
    "deviceType": "Desktop",
    "page": "/visitor-tracker.js",
    "referrer": "http://localhost:3000/ship-out.html",
    "language": "en-US",
    "country": "United States",
    "city": "Sydney",
    "timezone": "Europe/Bratislava",
    "screenResolution": "Unknown"
  },
  {
    "timestamp": "2025-06-12T22:14:33.497Z",
    "ip": "::1",
    "userAgent": "Mozilla/5.0 (X11; Linux x86_64) AppleWebKit/537.36 (KHTML, like Gecko) Chrome/137.0.0.0 Safari/537.36",
    "browser": "Chrome",
    "os": "Linux",
    "deviceType": "Desktop",
    "page": "/ship-out.html",
    "referrer": "http://localhost:3000/",
    "language": "en-US",
    "country": "Australia",
    "city": "São Paulo",
    "timezone": "Europe/Bratislava",
    "screenResolution": "Unknown"
  },
  {
    "timestamp": "2025-06-12T22:14:33.527Z",
    "ip": "::1",
    "userAgent": "Mozilla/5.0 (X11; Linux x86_64) AppleWebKit/537.36 (KHTML, like Gecko) Chrome/137.0.0.0 Safari/537.36",
    "browser": "Chrome",
    "os": "Linux",
    "deviceType": "Desktop",
    "page": "/images/logo.png",
    "referrer": "http://localhost:3000/ship-out.html",
    "language": "en-US",
    "country": "Australia",
    "city": "Tokyo",
    "timezone": "Europe/Bratislava",
    "screenResolution": "Unknown"
  },
  {
    "timestamp": "2025-06-12T22:14:33.531Z",
    "ip": "::1",
    "userAgent": "Mozilla/5.0 (X11; Linux x86_64) AppleWebKit/537.36 (KHTML, like Gecko) Chrome/137.0.0.0 Safari/537.36",
    "browser": "Chrome",
    "os": "Linux",
    "deviceType": "Desktop",
    "page": "/visitor-tracker.js",
    "referrer": "http://localhost:3000/ship-out.html",
    "language": "en-US",
    "country": "Canada",
    "city": "Paris",
    "timezone": "Europe/Bratislava",
    "screenResolution": "Unknown"
  },
  {
    "timestamp": "2025-06-12T22:21:43.536Z",
    "ip": "::1",
    "userAgent": "curl/8.11.1",
    "browser": "Unknown",
    "os": "Unknown",
    "deviceType": "Desktop",
    "page": "/test-telegram",
    "referrer": null,
    "language": null,
    "country": "China",
    "city": "Berlin",
    "timezone": "Europe/Bratislava",
    "screenResolution": "Unknown"
  },
  {
    "timestamp": "2025-06-12T22:21:55.835Z",
    "ip": "::1",
    "userAgent": "curl/8.11.1",
    "browser": "Unknown",
    "os": "Unknown",
    "deviceType": "Desktop",
    "page": "/test-telegram",
    "referrer": null,
    "language": null,
    "country": "Brazil",
    "city": "Beijing",
    "timezone": "Europe/Bratislava",
    "screenResolution": "Unknown"
  },
  {
    "timestamp": "2025-06-12T22:36:50.566Z",
    "ip": "::1",
    "userAgent": "curl/8.11.1",
    "browser": "Unknown",
    "os": "Unknown",
    "deviceType": "Desktop",
    "page": "/test-telegram",
    "referrer": null,
    "language": null,
    "country": "United Kingdom",
    "city": "Toronto",
    "timezone": "Europe/Bratislava",
    "screenResolution": "Unknown"
  },
  {
    "timestamp": "2025-06-12T22:44:51.036Z",
    "ip": "::1",
    "userAgent": "curl/8.11.1",
    "browser": "Unknown",
    "os": "Unknown",
    "deviceType": "Desktop",
    "page": "/test-telegram",
    "referrer": null,
    "language": null,
    "country": "Brazil",
    "city": "São Paulo",
    "timezone": "Europe/Bratislava",
    "screenResolution": "Unknown"
  },
  {
    "timestamp": "2025-06-12T22:45:29.698Z",
    "ip": "::1",
    "userAgent": "curl/8.11.1",
    "browser": "Unknown",
    "os": "Unknown",
    "deviceType": "Desktop",
    "page": "/test-telegram",
    "referrer": null,
    "language": null,
    "country": "Germany",
    "city": "Toronto",
    "timezone": "Europe/Bratislava",
    "screenResolution": "Unknown"
  },
  {
    "timestamp": "2025-06-12T22:49:50.187Z",
    "ip": "::1",
    "userAgent": "curl/8.11.1",
    "browser": "Unknown",
    "os": "Unknown",
    "deviceType": "Desktop",
    "page": "/test-telegram",
    "referrer": null,
    "language": null,
    "country": "United States",
    "city": "Toronto",
    "timezone": "Europe/Bratislava",
    "screenResolution": "Unknown"
  },
  {
    "timestamp": "2025-06-12T22:50:51.130Z",
    "ip": "::1",
    "userAgent": "curl/8.11.1",
    "browser": "Unknown",
    "os": "Unknown",
    "deviceType": "Desktop",
    "page": "/test-telegram",
    "referrer": null,
    "language": null,
    "country": "United Kingdom",
    "city": "Toronto",
    "timezone": "Europe/Bratislava",
    "screenResolution": "Unknown"
  },
  {
    "timestamp": "2025-06-12T23:01:26.264Z",
    "ip": "::1",
    "userAgent": "curl/8.11.1",
    "browser": "Unknown",
    "os": "Unknown",
    "deviceType": "Desktop",
    "page": "/test-telegram",
    "referrer": null,
    "language": null,
    "country": "France",
    "city": "London",
    "timezone": "Europe/Bratislava",
    "screenResolution": "Unknown"
  },
  {
    "timestamp": "2025-06-12T23:02:29.554Z",
    "ip": "::1",
    "userAgent": "curl/8.11.1",
    "browser": "Unknown",
    "os": "Unknown",
    "deviceType": "Desktop",
    "page": "/test-telegram",
    "referrer": null,
    "language": null,
    "country": "Australia",
    "city": "Mumbai",
    "timezone": "Europe/Bratislava",
    "screenResolution": "Unknown"
  },
  {
    "timestamp": "2025-06-12T23:06:28.973Z",
    "ip": "::1",
    "userAgent": "curl/8.11.1",
    "browser": "Unknown",
    "os": "Unknown",
    "deviceType": "Desktop",
    "page": "/test-telegram",
    "referrer": null,
    "language": null,
    "country": "India",
    "city": "Tokyo",
    "timezone": "Europe/Bratislava",
    "screenResolution": "Unknown"
  },
  {
    "timestamp": "2025-06-12T23:13:20.655Z",
    "ip": "::1",
    "userAgent": "curl/8.11.1",
    "browser": "Unknown",
    "os": "Unknown",
    "deviceType": "Desktop",
    "page": "/",
    "referrer": null,
    "language": null,
    "country": "United States",
    "city": "Beijing",
    "timezone": "Europe/Bratislava",
    "screenResolution": "Unknown"
  }
]